[
    {
		"segment_start": "00:05:16", 
		"segment_end": "00:06:00", 
		"week": 5,
		"page": 1
	},
	{
		"segment_start": "00:06:00", 
		"segment_end": "00:06:32", 
		"week": 5,
		"page": 2
	},
	{
		"segment_start": "00:06:32", 
		"segment_end": "00:06:44", 
		"week": 5,
		"page": 3
	},
    {
		"segment_start": "00:06:44", 
		"segment_end": "00:07:04", 
		"week": 5,
		"page": 4
	},
    {
		"segment_start": "00:07:04", 
		"segment_end": "00:08:08", 
		"week": 5,
		"page": 5
	},
    {
		"segment_start": "00:08:08", 
		"segment_end": "00:09:30", 
		"week": 5,
		"page": 6
	},
    {
		"segment_start": "00:09:30", 
		"segment_end": "00:10:06", 
		"week": 5,
		"page": 7
	},
    {
		"segment_start": "00:10:06", 
		"segment_end": "00:12:03", 
		"week": 5,
		"page": 8
	},
    {
		"segment_start": "00:12:03", 
		"segment_end": "00:13:02", 
		"week": 5,
		"page": 9
	},
    {
		"segment_start": "00:13:02", 
		"segment_end": "00:13:44", 
		"week": 5,
		"page": 10
	},
    {
		"segment_start": "00:13:44", 
		"segment_end": "00:14:33", 
		"week": 5,
		"page": 11
	},
	{
		"segment_start": "00:14:33", 
		"segment_end": "00:15:03", 
		"week": 5,
		"page": 12
	},
	{
		"segment_start": "00:15:03", 
		"segment_end": "00:15:34", 
		"week": 5,
		"page": 13
	},
    {
		"segment_start": "00:15:34", 
		"segment_end": "00:16:12", 
		"week": 5,
		"page": 14
	},
    {
		"segment_start": "00:16:12", 
		"segment_end": "00:16:56", 
		"week": 5,
		"page": 15
	},
    {
		"segment_start": "00:16:56", 
		"segment_end": "00:18:48", 
		"week": 5,
		"page": 16
	},
    {
		"segment_start": "00:18:48", 
		"segment_end": "00:19:31", 
		"week": 5,
		"page": 17
	},
    {
		"segment_start": "00:19:31", 
		"segment_end": "00:19:48", 
		"week": 5,
		"page": 18
	},
    {
		"segment_start": "00:19:48", 
		"segment_end": "00:19:55", 
		"week": 5,
		"page": 19
	},
    {
		"segment_start": "00:19:55", 
		"segment_end": "00:21:54", 
		"week": 5,
		"page": 20
	},
    {
		"segment_start": "00:21:54", 
		"segment_end": "00:22:38", 
		"week": 5,
		"page": 21
	},
	{
		"segment_start": "00:22:38", 
		"segment_end": "00:22:54", 
		"week": 5,
		"page": 22
	},
	{
		"segment_start": "00:22:54", 
		"segment_end": "00:23:12", 
		"week": 5,
		"page": 23
	},
    {
		"segment_start": "00:23:12", 
		"segment_end": "00:27:41", 
		"week": 5,
		"page": 24
	},
    {
		"segment_start": "00:27:41", 
		"segment_end": "00:33:17", 
		"week": 5,
		"page": 25
	},
    {
		"segment_start": "00:33:17", 
		"segment_end": "00:34:52", 
		"week": 5,
		"page": 26
	},
    {
		"segment_start": "00:34:52", 
		"segment_end": "00:42:06", 
		"week": 5,
		"page": 27
	},
    {
		"segment_start": "00:42:06", 
		"segment_end": "00:42:43", 
		"week": 5,
		"page": 28
	},
    {
		"segment_start": "00:42:43", 
		"segment_end": "00:46:12", 
		"week": 5,
		"page": 29
	},
    {
		"segment_start": "00:46:12", 
		"segment_end": "00:47:59", 
		"week": 5,
		"page": 30
	},
    {
		"segment_start": "00:47:59", 
		"segment_end": "00:50:41", 
		"week": 5,
		"page": 31
	},
    {
		"segment_start": "00:50:41", 
		"segment_end": "00:52:31", 
		"week": 5,
		"page": 32
	},
	{
		"segment_start": "00:52:31", 
		"segment_end": "00:53:12", 
		"week": 5,
		"page": 33
	},
	{
		"segment_start": "00:53:12", 
		"segment_end": "00:54:00", 
		"week": 5,
		"page": 34
	},
    {
		"segment_start": "00:54:00", 
		"segment_end": "00:55:20", 
		"week": 5,
		"page": 35
	},
    {
		"segment_start": "00:55:20", 
		"segment_end": "00:56:44", 
		"week": 5,
		"page": 36
	},
    {
		"segment_start": "00:56:44", 
		"segment_end": "01:04:03", 
		"week": 5,
		"page": 37
	},
    {
		"segment_start": "01:04:03", 
		"segment_end": "01:04:17", 
		"week": 5,
		"page": 38
	},
    {
		"segment_start": "01:04:17", 
		"segment_end": "01:05:57", 
		"week": 5,
		"page": 39
	},
    {
		"segment_start": "01:05:57", 
		"segment_end": "01:08:14", 
		"week": 5,
		"page": 40
	},
    {
		"segment_start": "01:08:14", 
		"segment_end": "01:10:19", 
		"week": 5,
		"page": 41
	},
    {
		"segment_start": "01:10:19", 
		"segment_end": "01:11:09", 
		"week": 5,
		"page": 42
	},
	{
		"segment_start": "01:11:09", 
		"segment_end": "01:16:04", 
		"week": 5,
		"page": 43
	},
	{
		"segment_start": "01:16:04", 
		"segment_end": "01:17:16", 
		"week": 5,
		"page": 44
	},
    {
		"segment_start": "01:17:16", 
		"segment_end": "01:24:16", 
		"week": 5,
		"page": 45
	},
    {
		"segment_start": "01:24:16", 
		"segment_end": "00:15:46", 
		"week": 5,
		"page": 46
	},
    {
		"segment_start": "01:25:12", 
		"segment_end": "01:25:57", 
		"week": 5,
		"page": 47
	},
    {
		"segment_start": "01:25:57", 
		"segment_end": "01:26:18", 
		"week": 5,
		"page": 48
	},
    {
		"segment_start": "01:26:18", 
		"segment_end": "01:27:12", 
		"week": 5,
		"page": 49
	},
    {
		"segment_start": "01:27:12", 
		"segment_end": "01:27:35", 
		"week": 5,
		"page": 50
	},
    {
		"segment_start": "01:27:35", 
		"segment_end": "01:28:21", 
		"week": 5,
		"page": 51
	},
    {
		"segment_start": "01:28:21", 
		"segment_end": "01:28:57", 
		"week": 5,
		"page": 52
	},
	{
		"segment_start": "01:28:57", 
		"segment_end": "01:29:31", 
		"week": 5,
		"page": 53
	},
	{
		"segment_start": "01:29:31", 
		"segment_end": "01:30:11", 
		"week": 5,
		"page": 54
	},
    {
		"segment_start": "01:30:11", 
		"segment_end": "01:30:24", 
		"week": 5,
		"page": 55
	},
    {
		"segment_start": "01:30:24", 
		"segment_end": "01:30:24", 
		"week": 5,
		"page": 56
	},
    {
		"segment_start": "01:30:24", 
		"segment_end": "01:30:43", 
		"week": 5,
		"page": 57
	},
    {
		"segment_start": "01:30:43", 
		"segment_end": "01:31:10", 
		"week": 5,
		"page": 58
	},
    {
		"segment_start": "01:31:10", 
		"segment_end": "01:31:12", 
		"week": 5,
		"page": 59
	},
    {
		"segment_start": "01:31:12", 
		"segment_end": "01:31:20", 
		"week": 5,
		"page": 60
	},
    {
		"segment_start": "01:31:20", 
		"segment_end": "01:31:29", 
		"week": 5,
		"page": 61
	},
    {
		"segment_start": "01:31:29", 
		"segment_end": "01:31:46", 
		"week": 5,
		"page": 62
	},
	{
		"segment_start": "01:31:46", 
		"segment_end": "01:31:55", 
		"week": 5,
		"page": 63
	},
	{
		"segment_start": "01:31:55", 
		"segment_end": "01:32:03", 
		"week": 5,
		"page": 64
	},
    {
		"segment_start": "01:32:03", 
		"segment_end": "01:32:34", 
		"week": 5,
		"page": 65
	},
    {
		"segment_start": "01:32:34", 
		"segment_end": "01:35:32", 
		"week": 5,
		"page": 66
	},
    {
		"segment_start": "01:35:32", 
		"segment_end": "01:35:49", 
		"week": 5,
		"page": 67
	},
    {
		"segment_start": "01:35:49", 
		"segment_end": "01:36:10", 
		"week": 5,
		"page": 68
	},
    {
		"segment_start": "01:36:10", 
		"segment_end": "01:37:27", 
		"week": 5,
		"page": 69
	},
    {
		"segment_start": "01:37:27", 
		"segment_end": "01:38:01", 
		"week": 5,
		"page": 70
	},
    {
		"segment_start": "01:38:01", 
		"segment_end": "01:39:31", 
		"week": 5,
		"page": 71
	},
    {
		"segment_start": "01:39:31", 
		"segment_end": "01:40:57", 
		"week": 5,
		"page": 72
	},
    {
		"segment_start": "01:40:57", 
		"segment_end": "01:41:46", 
		"week": 5,
		"page": 73
	},
    {
		"segment_start": "01:41:46", 
		"segment_end": "01:41:56", 
		"week": 5,
		"page": 74
	},
    {
		"segment_start": "01:41:56", 
		"segment_end": "01:42:19", 
		"week": 5,
		"page": 75
	},
    {
		"segment_start": "01:42:19", 
		"segment_end": "01:42:34", 
		"week": 5,
		"page": 76
	},
    {
		"segment_start": "01:42:34", 
		"segment_end": "01:44:11", 
		"week": 5,
		"page": 77
	},
    {
		"segment_start": "01:44:11", 
		"segment_end": "01:44:37", 
		"week": 5,
		"page": 78
	},
    {
		"segment_start": "01:44:37", 
		"segment_end": "01:45:46", 
		"week": 5,
		"page": 79
	},
    {
		"segment_start": "01:45:46", 
		"segment_end": "01:47:06", 
		"week": 5,
		"page": 80
	},
    {
		"segment_start": "01:47:06", 
		"segment_end": "01:47:06", 
		"week": 5,
		"page": 81
	}


]