[
    {
		"segment_start": "00:05:41", 
		"segment_end": "00:05:58", 
		"week": 6,
		"page": 1
	},
	{
		"segment_start": "00:05:58", 
		"segment_end": "00:06:20", 
		"week": 6,
		"page": 2
	},
	{
		"segment_start": "00:06:20", 
		"segment_end": "00:06:56", 
		"week": 6,
		"page": 3
	},
    {
		"segment_start": "00:06:56", 
		"segment_end": "00:07:14", 
		"week": 6,
		"page": 4
	},
    {
		"segment_start": "00:07:14", 
		"segment_end": "00:08:12", 
		"week": 6,
		"page": 5
	},
    {
		"segment_start": "00:08:12", 
		"segment_end": "00:08:26", 
		"week": 6,
		"page": 6
	},
    {
		"segment_start": "00:08:26", 
		"segment_end": "00:08:48", 
		"week": 6,
		"page": 7
	},
    {
		"segment_start": "00:08:48", 
		"segment_end": "00:09:03", 
		"week": 6,
		"page": 8
	},
    {
		"segment_start": "00:09:03", 
		"segment_end": "00:09:14", 
		"week": 6,
		"page": 9
	},
    {
		"segment_start": "00:09:14", 
		"segment_end": "00:09:53", 
		"week": 6,
		"page": 10
	},
	{
		"segment_start": "00:09:53", 
		"segment_end": "00:10:02", 
		"week": 6,
		"page": 11
	},
	{
		"segment_start": "00:10:02", 
		"segment_end": "00:10:55", 
		"week": 6,
		"page": 12
	},
	{
		"segment_start": "00:10:55", 
		"segment_end": "00:11:17", 
		"week": 6,
		"page": 13
	},
    {
		"segment_start": "00:11:17", 
		"segment_end": "00:13:17", 
		"week": 6,
		"page": 14
	},
    {
		"segment_start": "00:13:17", 
		"segment_end": "00:14:04", 
		"week": 6,
		"page": 15
	},
    {
		"segment_start": "00:14:04", 
		"segment_end": "00:14:53", 
		"week": 6,
		"page": 16
	},
    {
		"segment_start": "00:14:53", 
		"segment_end": "00:15:35", 
		"week": 6,
		"page": 17
	},
    {
		"segment_start": "00:15:35", 
		"segment_end": "00:17:12", 
		"week": 6,
		"page": 18
	},
    {
		"segment_start": "00:17:12", 
		"segment_end": "00:18:29", 
		"week": 6,
		"page": 19
	},
    {
		"segment_start": "00:18:29", 
		"segment_end": "00:20:17", 
		"week": 6,
		"page": 20
	},
	{
		"segment_start": "00:20:17", 
		"segment_end": "00:21:08", 
		"week": 6,
		"page": 21
	},
	{
		"segment_start": "00:21:08", 
		"segment_end": "00:22:21", 
		"week": 6,
		"page": 22
	},
	{
		"segment_start": "00:22:21", 
		"segment_end": "00:23:54", 
		"week": 6,
		"page": 23
	},
    {
		"segment_start": "00:23:54", 
		"segment_end": "00:25:54", 
		"week": 6,
		"page": 24
	},
    {
		"segment_start": "00:25:54", 
		"segment_end": "00:27:14", 
		"week": 6,
		"page": 25
	},
    {
		"segment_start": "00:27:14", 
		"segment_end": "00:28:06", 
		"week": 6,
		"page": 26
	},
    {
		"segment_start": "00:28:06", 
		"segment_end": "00:28:58", 
		"week": 6,
		"page": 27
	},
    {
		"segment_start": "00:28:58", 
		"segment_end": "00:30:21", 
		"week": 6,
		"page": 28
	},
    {
		"segment_start": "00:30:21", 
		"segment_end": "00:30:59", 
		"week": 6,
		"page": 29
	},
    {
		"segment_start": "00:30:59", 
		"segment_end": "00:32:10", 
		"week": 6,
		"page": 30
	},
	{
		"segment_start": "00:32:10", 
		"segment_end": "00:33:00", 
		"week": 6,
		"page": 31
	},
	{
		"segment_start": "00:33:00", 
		"segment_end": "00:33:13", 
		"week": 6,
		"page": 32
	},
	{
		"segment_start": "00:33:13", 
		"segment_end": "00:34:42", 
		"week": 6,
		"page": 33
	},
    {
		"segment_start": "00:34:42", 
		"segment_end": "00:34:55", 
		"week": 6,
		"page": 34
	},
    {
		"segment_start": "00:34:56", 
		"segment_end": "00:36:20", 
		"week": 6,
		"page": 35
	},
    {
		"segment_start": "00:36:20", 
		"segment_end": "00:37:16", 
		"week": 6,
		"page": 36
	},
    {
		"segment_start": "00:37:16", 
		"segment_end": "00:38:10", 
		"week": 6,
		"page": 37
	},
    {
		"segment_start": "00:38:10", 
		"segment_end": "00:38:27", 
		"week": 6,
		"page": 38
	},
    {
		"segment_start": "00:38:27", 
		"segment_end": "00:39:39", 
		"week": 6,
		"page": 39
	},
    {
		"segment_start": "00:39:39", 
		"segment_end": "00:40:12", 
		"week": 6,
		"page": 40
	},
	{
		"segment_start": "00:40:12", 
		"segment_end": "00:40:37", 
		"week": 6,
		"page": 41
	},
	{
		"segment_start": "00:40:37", 
		"segment_end": "00:41:07", 
		"week": 6,
		"page": 42
	},
	{
		"segment_start": "00:41:07", 
		"segment_end": "00:41:28", 
		"week": 6,
		"page": 43
	},
    {
		"segment_start": "00:41:28", 
		"segment_end": "00:41:39", 
		"week": 6,
		"page": 44
	},
    {
		"segment_start": "00:41:39", 
		"segment_end": "00:46:22", 
		"week": 6,
		"page": 45
	},
    {
		"segment_start": "00:46:22", 
		"segment_end": "00:46:53", 
		"week": 6,
		"page": 46
	},
    {
		"segment_start": "00:46:53", 
		"segment_end": "00:48:04", 
		"week": 6,
		"page": 47
	},
    {
		"segment_start": "00:48:04", 
		"segment_end": "00:48:45", 
		"week": 6,
		"page": 48
	},
    {
		"segment_start": "00:48:45", 
		"segment_end": "00:49:05", 
		"week": 6,
		"page": 49
	},
    {
		"segment_start": "00:49:05", 
		"segment_end": "00:49:08", 
		"week": 6,
		"page": 50
	},
	{
		"segment_start": "00:49:08", 
		"segment_end": "01:18:01", 
		"week": 6,
		"page": 51
	},
	{
		"segment_start": "01:18:01", 
		"segment_end": "01:19:20", 
		"week": 6,
		"page": 52
	}

]