[
    {
		"segment_start": "00:07:37", 
		"segment_end": "00:08:08", 
		"week": 7,
		"page": 1
	},
	{
		"segment_start": "00:08:08", 
		"segment_end": "00:08:34", 
		"week": 7,
		"page": 2
	},
	{
		"segment_start": "00:08:34", 
		"segment_end": "00:09:21", 
		"week": 7,
		"page": 3
	},
    {
		"segment_start": "00:09:21", 
		"segment_end": "00:09:29", 
		"week": 7,
		"page": 4
	},
    {
		"segment_start": "00:09:29", 
		"segment_end": "00:09:50", 
		"week": 7,
		"page": 5
	},
    {
		"segment_start": "00:09:50", 
		"segment_end": "00:10:39", 
		"week": 7,
		"page": 6
	},
    {
		"segment_start": "00:10:39", 
		"segment_end": "00:12:39", 
		"week": 7,
		"page": 7
	},
    {
		"segment_start": "00:12:39", 
		"segment_end": "00:14:01", 
		"week": 7,
		"page": 8
	},
    {
		"segment_start": "00:14:01", 
		"segment_end": "00:15:09", 
		"week": 7,
		"page": 9
	},
    {
		"segment_start": "00:15:09", 
		"segment_end": "00:15:38", 
		"week": 7,
		"page": 10
	},
	{
		"segment_start": "00:15:38", 
		"segment_end": "00:17:36", 
		"week": 7,
		"page": 11
	},
	{
		"segment_start": "00:17:36", 
		"segment_end": "00:18:40", 
		"week": 7,
		"page": 12
	},
	{
		"segment_start": "00:18:40", 
		"segment_end": "00:19:38", 
		"week": 7,
		"page": 13
	},
    {
		"segment_start": "00:19:38", 
		"segment_end": "00:20:03", 
		"week": 7,
		"page": 14
	},
    {
		"segment_start": "00:20:03", 
		"segment_end": "00:21:20", 
		"week": 7,
		"page": 15
	},
    {
		"segment_start": "00:21:20", 
		"segment_end": "00:22:56", 
		"week": 7,
		"page": 16
	},
    {
		"segment_start": "00:22:56", 
		"segment_end": "00:23:41", 
		"week": 7,
		"page": 17
	},
    {
		"segment_start": "00:23:41", 
		"segment_end": "00:25:56", 
		"week": 7,
		"page": 18
	},
    {
		"segment_start": "00:25:56", 
		"segment_end": "00:26:57", 
		"week": 7,
		"page": 19
	},
    {
		"segment_start": "00:26:57", 
		"segment_end": "00:27:55", 
		"week": 7,
		"page": 20
	},
	{
		"segment_start": "00:27:55", 
		"segment_end": "00:28:56", 
		"week": 7,
		"page": 21
	},
	{
		"segment_start": "00:28:56", 
		"segment_end": "00:30:09", 
		"week": 7,
		"page": 22
	},
	{
		"segment_start": "00:30:09", 
		"segment_end": "00:31:52", 
		"week": 7,
		"page": 23
	},
    {
		"segment_start": "00:31:52", 
		"segment_end": "00:32:40", 
		"week": 7,
		"page": 24
	},
    {
		"segment_start": "00:32:40", 
		"segment_end": "00:33:08", 
		"week": 7,
		"page": 25
	},
    {
		"segment_start": "00:33:08", 
		"segment_end": "00:33:30", 
		"week": 7,
		"page": 26
	},
    {
		"segment_start": "00:33:30", 
		"segment_end": "00:33:39", 
		"week": 7,
		"page": 27
	},
    {
		"segment_start": "00:33:39", 
		"segment_end": "00:36:24", 
		"week": 7,
		"page": 28
	},
    {
		"segment_start": "00:36:24", 
		"segment_end": "00:37:21", 
		"week": 7,
		"page": 29
	},
    {
		"segment_start": "00:37:21", 
		"segment_end": "00:38:17", 
		"week": 7,
		"page": 30
	},
	{
		"segment_start": "00:38:17", 
		"segment_end": "00:39:13", 
		"week": 7,
		"page": 31
	},
	{
		"segment_start": "00:39:13", 
		"segment_end": "00:39:55", 
		"week": 7,
		"page": 32
	},
	{
		"segment_start": "00:39:55", 
		"segment_end": "00:47:31", 
		"week": 7,
		"page": 33
	},
    {
		"segment_start": "00:47:31", 
		"segment_end": "00:48:39", 
		"week": 7,
		"page": 34
	},
    {
		"segment_start": "00:48:39", 
		"segment_end": "00:48:58", 
		"week": 7,
		"page": 35
	},
    {
		"segment_start": "00:48:58", 
		"segment_end": "00:49:07", 
		"week": 7,
		"page": 36
	},
    {
		"segment_start": "00:49:07", 
		"segment_end": "00:50:25", 
		"week": 7,
		"page": 37
	},
    {
		"segment_start": "00:50:25", 
		"segment_end": "00:50:49", 
		"week": 7,
		"page": 38
	},
    {
		"segment_start": "00:50:49", 
		"segment_end": "00:52:01", 
		"week": 7,
		"page": 39
	},
    {
		"segment_start": "01:01:49", 
		"segment_end": "01:04:26", 
		"week": 7,
		"page": 40
	},
	{
		"segment_start": "01:04:26", 
		"segment_end": "01:05:47", 
		"week": 7,
		"page": 41
	},
	{
		"segment_start": "01:05:47", 
		"segment_end": "01:06:44", 
		"week": 7,
		"page": 42
	},
	{
		"segment_start": "01:06:44", 
		"segment_end": "01:08:17", 
		"week": 7,
		"page": 43
	},
    {
		"segment_start": "01:08:17", 
		"segment_end": "01:08:31", 
		"week": 7,
		"page": 44
	},
    {
		"segment_start": "01:08:31", 
		"segment_end": "01:10:10", 
		"week": 7,
		"page": 45
	},
    {
		"segment_start": "01:10:10", 
		"segment_end": "01:12:25", 
		"week": 7,
		"page": 46
	},
    {
		"segment_start": "01:12:25", 
		"segment_end": "01:13:41", 
		"week": 7,
		"page": 47
	},
    {
		"segment_start": "01:13:41", 
		"segment_end": "01:15:24", 
		"week": 7,
		"page": 48
	},
    {
		"segment_start": "01:15:24", 
		"segment_end": "01:15:47", 
		"week": 7,
		"page": 49
	},
    {
		"segment_start": "01:15:47", 
		"segment_end": "01:16:41", 
		"week": 7,
		"page": 50
	},
	{
		"segment_start": "01:16:41", 
		"segment_end": "01:16:49", 
		"week": 7,
		"page": 51
	},
	{
		"segment_start": "01:16:49", 
		"segment_end": "01:17:01", 
		"week": 7,
		"page": 52
	},
	{
		"segment_start": "01:17:01", 
		"segment_end": "01:17:49", 
		"week": 7,
		"page": 53
	},
    {
		"segment_start": "01:17:49", 
		"segment_end": "01:17:49", 
		"week": 7,
		"page": 54
	},
    {
		"segment_start": "01:17:49", 
		"segment_end": "01:18:14", 
		"week": 7,
		"page": 55
	},
    {
		"segment_start": "01:18:14", 
		"segment_end": "01:20:15", 
		"week": 7,
		"page": 56
	},
    {
		"segment_start": "01:20:15", 
		"segment_end": "01:21:17", 
		"week": 7,
		"page": 57
	},
    {
		"segment_start": "01:21:17", 
		"segment_end": "01:21:31", 
		"week": 7,
		"page": 58
	},
    {
		"segment_start": "01:21:31", 
		"segment_end": "01:22:12", 
		"week": 7,
		"page": 59
	},
    {
		"segment_start": "01:22:12", 
		"segment_end": "01:23:45", 
		"week": 7,
		"page": 60
	},
	{
		"segment_start": "01:23:45", 
		"segment_end": "01:25:34", 
		"week": 7,
		"page": 61
	},
	{
		"segment_start": "01:25:34", 
		"segment_end": "01:25:58", 
		"week": 7,
		"page": 62
	},
	{
		"segment_start": "01:25:58", 
		"segment_end": "01:26:10", 
		"week": 7,
		"page": 63
	},
    {
		"segment_start": "01:26:10", 
		"segment_end": "01:26:31", 
		"week": 7,
		"page": 64
	},
    {
		"segment_start": "01:26:31", 
		"segment_end": "01:26:48", 
		"week": 7,
		"page": 65
	},
    {
		"segment_start": "01:26:48", 
		"segment_end": "01:27:35", 
		"week": 7,
		"page": 66
	},
    {
		"segment_start": "01:27:35", 
		"segment_end": "01:27:37", 
		"week": 7,
		"page": 67
	},
    {
		"segment_start": "01:27:37", 
		"segment_end": "01:27:37", 
		"week": 7,
		"page": 68
	},
    {
		"segment_start": "01:27:37", 
		"segment_end": "01:27:53", 
		"week": 7,
		"page": 69
	},
    {
		"segment_start": "01:27:53", 
		"segment_end": "01:27:53", 
		"week": 7,
		"page": 70
	},
	{
		"segment_start": "01:27:53", 
		"segment_end": "01:28:03", 
		"week": 7,
		"page": 71
	},
	{
		"segment_start": "01:28:03", 
		"segment_end": "01:28:28", 
		"week": 7,
		"page": 72
	},
	{
		"segment_start": "01:28:28", 
		"segment_end": "01:28:43", 
		"week": 7,
		"page": 73
	},
	{
		"segment_start": "01:28:43", 
		"segment_end": "01:29:50", 
		"week": 7,
		"page": 74
	},
    {
		"segment_start": "01:29:50", 
		"segment_end": "01:30:15", 
		"week": 7,
		"page": 75
	}

]